Date,Open,High,Low,Close,Volume,Ticker,% Change,Increase,MACD,Closing 50EMA,Volitility,RSI,Low_14,High_14,K_Percent,R_Percent,PROC,OBV
2023-01-24 00:00:00-05:00,29.833590930223878,30.542975490909622,29.833590930223878,30.49371337890625,640300,COLD,0.011046188201620628,1.0,-0.10164043482800467,29.64031268461285,0.14705734347985902,69.63290587919862,27.646319567021372,31.15383763461907,81.1797332760444,-18.82026672395559,0.05093379522962804,3967200
2023-01-25 00:00:00-05:00,30.365629764256862,30.700617397465976,30.237547141784752,30.54297637939453,1351200,COLD,0.0016142097934961537,1.0,-0.08950222700857624,29.70549042455146,5.79996422693586,66.08609004916718,27.646319567021372,31.15383763461907,82.58423068814247,-17.415769311857538,0.007147442142524385,5318400
2023-01-26 00:00:00-05:00,30.542977497498484,31.242509305895027,30.542977497498484,31.23265838623047,1095000,COLD,0.022329537073142093,1.0,-0.11651539098280594,29.810250913922868,0.014283277752527083,82.36584548624334,27.872930500200656,31.242509305895027,99.7076513050263,-0.2923486949737029,0.009875808321472723,6413400
2023-01-27 00:00:00-05:00,31.153837524859853,31.54301274103874,31.1095008699497,31.360740661621094,790600,COLD,0.0040925227294572,1.0,-0.13054625661035646,29.911643978172595,1.7692435088047131,80.72068315139869,28.257179587490672,31.54301274103874,94.45278956964604,-5.547210430353959,0.02084669120406768,7204000
2023-01-30 00:00:00-05:00,31.025753950759157,31.281921089122477,30.5331252721903,30.57253646850586,1623900,COLD,-0.025454708305770252,-1.0,-0.07693174484863441,29.952970341279986,-0.3750022357920469,69.29797477407013,28.37540845391743,31.54301274103874,69.36245235938732,-30.637547640612684,0.008777707723831574,5580100
2023-01-31 00:00:00-05:00,30.602091405955754,31.02575234832013,30.552829292334902,30.946931838989258,2007000,COLD,0.012171756455211643,1.0,-0.05774802744448515,30.01256585416508,0.34210525302796874,68.08681045224844,29.124206313934703,31.54301274103874,75.356403250377,-24.643596749623,0.03017383443965982,7587100
2023-02-01 00:00:00-05:00,30.94693229683927,31.547939863897117,30.799144074561056,31.22280502319336,1295900,COLD,0.008874896657455557,1.0,-0.054731431875912784,30.082314510947093,1.7142770303912052,60.20001050542822,29.675951221585393,31.547939863897117,82.63158048318886,-17.36841951681115,0.041748821554778326,8883000
2023-02-02 00:00:00-05:00,31.498676540100472,31.912484698816147,31.464192683476604,31.636613845825195,1008500,COLD,0.013166357818000875,1.0,-0.07068419618645805,30.168610734646045,0.7499953907240442,58.31521132735566,29.675951221585393,31.912484698816147,87.66524821562109,-12.334751784378902,0.04934643824612772,9891500
2023-02-03 00:00:00-05:00,31.006046094852664,31.44941262497199,30.754806313937806,31.37059211730957,1473900,COLD,-0.008444218567280884,-1.0,-0.05414401635865629,30.233032338124893,-1.2407268023517584,57.583943303763334,29.675951221585393,31.912484698816147,75.77087099194503,-24.22912900805496,0.040182877927257055,8417600
2023-02-06 00:00:00-05:00,31.045458297708908,31.26714156997637,30.720323458126366,31.153837203979492,935600,COLD,-0.006933474932019066,-1.0,-0.021125640079185715,30.28076171421692,-2.022741717101278,60.487148421463736,29.675951221585393,31.912484698816147,66.07931414574657,-33.92068585425344,0.02164786613131464,7482000
2023-02-07 00:00:00-05:00,30.95678441961278,30.95678441961278,30.454302971455178,30.808996200561523,933000,COLD,-0.011130690600299867,-1.0,0.028712377299594083,30.30728759850884,-1.0285703428267645,59.440792122710896,29.675951221585393,31.912484698816147,50.66076544398752,-49.339234556012485,0.008709688861445075,6549000
2023-02-08 00:00:00-05:00,30.710472120756968,30.7498814381302,30.158728522926758,30.375484466552734,1033700,COLD,-0.014170880715330887,-1.0,0.09207334620393737,30.310610472905346,-0.590907329382724,54.5957469508374,29.675951221585393,31.912484698816147,31.277566470120266,-68.72243352987974,-0.02744479541503375,5515300
2023-02-09 00:00:00-05:00,30.61194429704308,30.769585316181256,30.010936737060547,30.010936737060547,755000,COLD,-0.012073977920572285,-1.0,0.15597777701610893,30.296422071386004,-0.43242902474737194,48.48985497249242,29.833590930223878,31.912484698816147,8.530777739391642,-91.46922226060836,-0.04304120043352233,4760300
2023-02-10 00:00:00-05:00,29.932115914035965,30.414893644223707,29.794180493541845,30.306514739990234,513900,COLD,0.009800824195815589,1.0,0.17438967638929959,30.296887023526846,0.8333310404908104,51.51525519811272,29.794180493541845,31.912484698816147,24.1860562412492,-75.8139437587508,-0.008701329992350071,5274200
2023-02-13 00:00:00-05:00,30.385335708067267,30.690764949162467,30.318337428969222,30.414894104003906,822500,COLD,0.0035697287387259627,1.0,0.17487166666153353,30.302183268669204,3.1636015525368184,49.158761341997746,29.794180493541845,31.912484698816147,29.302382958810412,-70.69761704118959,-0.01719193804909125,6096700
2023-02-14 00:00:00-05:00,30.336073240684545,30.375482555578465,30.03064212391811,30.207988739013672,958500,COLD,-0.006826008882200099,-1.0,0.1838124374840185,30.298059956483335,-1.04760903613936,46.53283289397743,29.794180493541845,31.912484698816147,19.53488287666608,-80.46511712333391,-0.03250240596339271,5138200
2023-02-15 00:00:00-05:00,30.010937647773275,30.286810379251314,29.84837116401655,30.22769546508789,702600,COLD,0.0006521553294943802,1.0,0.18270551813012337,30.2950524713862,11.249022140220475,38.09508090311842,29.794180493541845,31.912484698816147,20.465189582622266,-79.53481041737773,-0.044534424183428456,5840800
2023-02-16 00:00:00-05:00,29.823739334866772,30.178430689900956,29.61683432180341,29.912412643432617,1629100,COLD,-0.010485039684118515,-1.0,0.1963207552774941,30.279067652308044,-1.4999962796856423,33.55418145336989,29.61683432180341,31.912484698816147,12.875580906785771,-87.12441909321423,-0.04648237012626755,4211700
2023-02-17 00:00:00-05:00,29.94196830179542,31.59720084193539,29.59712975529054,31.37059211730957,3395700,COLD,0.04759736447050491,1.0,0.10482414639245424,30.323677327336927,0.3918909032585395,57.76648586769635,29.59712975529054,31.912484698816147,76.59570153501247,-23.404298464987527,0.0069575671180046594,7607400
2023-02-21 00:00:00-05:00,31.18339325021342,31.24250816218292,30.28680925522114,30.54297637939453,1307400,COLD,-0.02673614386021632,-1.0,0.0978770671466761,30.332453304058923,-0.3809522000356831,46.359586712626296,29.59712975529054,31.912484698816147,40.85104215873463,-59.14895784126537,-0.008634485182030804,6300000
2023-02-22 00:00:00-05:00,30.72032251836065,30.84840513884745,30.099609375,30.099609375,1011500,COLD,-0.014622559341223515,-1.0,0.1195432343230663,30.32332166527558,-0.2888862256714665,40.16253770727758,29.59712975529054,31.912484698816147,21.70205570919213,-78.29794429080786,-0.009082162684730388,5288500
2023-02-23 00:00:00-05:00,30.365630216103227,30.43459792763209,29.922265550890877,30.148874282836914,1247600,COLD,0.0016353911609338343,1.0,0.1262967727683803,30.316611794254708,5.999736048494651,36.21251554160291,29.59712975529054,31.59720084193539,27.586245870487296,-72.41375412951271,0.004596242595987565,6536100
2023-02-24 00:00:00-05:00,30.00108673878276,30.00108673878276,29.469046873434852,29.557720184326172,960700,COLD,-0.019802617173885345,-1.0,0.16393152174286701,30.287962312480143,-0.15000033174887728,34.00157630789194,29.469046873434852,31.59720084193539,4.166677421079527,-95.83332257892047,-0.02470737932382605,5575400
2023-02-27 00:00:00-05:00,29.784329034773275,29.902560742821528,29.10450282099088,29.29170036315918,1753500,COLD,-0.009040756242737924,-1.0,0.1978261963737478,30.25102192907586,-1.148144709205035,33.620746551887336,29.10450282099088,31.59720084193539,7.509836353838316,-92.49016364616168,-0.03692906958689246,3821900
2023-02-28 00:00:00-05:00,29.429636311123353,29.597130126912695,28.90744926678502,28.966564178466797,3424400,COLD,-0.011162006385891177,-1.0,0.23092163230681512,30.20421333705952,-0.6969655736273063,33.615151453974775,28.90744926678502,31.59720084193539,2.1977833279444536,-97.80221667205554,-0.04109590252010298,397500
2023-03-01 00:00:00-05:00,29.38037393301057,29.38037393301057,28.730104231094263,28.759662628173828,1630800,COLD,-0.007168403262255867,-1.0,0.25370942820832015,30.152442129810005,-0.14286213437120834,34.9144033870859,28.730104231094263,31.59720084193539,1.0309522521075356,-98.96904774789247,-0.04856582065971904,-1233300
2023-03-02 00:00:00-05:00,28.808925064761198,28.986271690754176,28.523201406728624,28.799072265625,3649000,COLD,0.0013693714318852392,1.0,0.2525447614329913,30.10471344031423,11.50016884704625,37.910162024043444,28.523201406728624,31.59720084193539,8.974330175106875,-91.02566982489313,-0.03722001267764852,2415700
2023-03-03 00:00:00-05:00,29.08479700771865,29.508457962845952,28.961639840727187,29.488752365112305,2583000,COLD,0.02366574125886786,1.0,0.1943538665123879,30.08332552382929,0.20714352180280476,42.58034648700381,28.523201406728624,31.59720084193539,31.41025165213587,-68.58974834786413,-0.05998738388998748,4998700
2023-03-06 00:00:00-05:00,29.577425894725394,29.764623436893693,29.0847972231113,29.29170036315918,1280300,COLD,-0.006704703042605834,-1.0,0.15961669881011267,30.056247338430065,-1.9999831430787978,39.96411074680368,28.523201406728624,31.59720084193539,24.999970645045483,-75.0000293549545,-0.04096771711742897,3718400
2023-03-07 00:00:00-05:00,29.203027404774634,29.409932426551684,28.828630436685156,29.163618087768555,1693200,COLD,-0.004382235312678053,-1.0,0.1366355671183989,30.02615353417838,-4.230817037000522,40.49195027037545,28.523201406728624,31.59720084193539,20.833337628666616,-79.16666237133339,-0.031096459610829963,2025200
2023-03-08 00:00:00-05:00,29.19317393271782,29.59713116790055,29.045385708700795,29.252290725708008,1547200,COLD,0.003035909492692335,1.0,0.10808338765791234,30.00042668050445,5.555588258758458,41.24886768063309,28.523201406728624,31.59720084193539,23.717939262742348,-76.28206073725765,-0.02973854176835089,3572400
2023-03-09 00:00:00-05:00,29.18332266242933,29.306479827501782,28.670988404712915,28.710397720336914,887800,COLD,-0.018698538958551808,-1.0,0.11753101814891997,29.958116998775093,-0.2999973778682092,39.51696639834108,28.523201406728624,31.59720084193539,6.089666493243788,-93.91033350675622,-0.028666705642560797,2684600
2023-03-10 00:00:00-05:00,28.53305088375011,28.848334802476995,27.91233960339267,28.23747444152832,1066500,COLD,-0.016609370393089996,-1.0,0.1456315691492561,29.902418918683413,-1.354170508324101,18.04393924599617,27.91233960339267,31.24250816218292,9.763314751063588,-90.23668524893641,-0.0359906017254219,1618100
2023-03-13 00:00:00-04:00,27.98130644158665,28.779364314068705,27.863076620078488,28.35570526123047,1331800,COLD,0.0041782770407742375,1.0,0.14589233471279828,29.852981953684402,4.583313181043192,23.849713453377532,27.863076620078488,30.84840513884745,16.501655950251084,-83.49834404974892,-0.021088414679516276,2949900
2023-03-14 00:00:00-04:00,28.848335483109963,28.927155994844036,28.50349503956242,28.651283264160156,3268700,COLD,0.010369979518493722,1.0,0.11703959128908004,29.81504130540687,0.7666630604636522,32.10971561905457,27.863076620078488,30.43459792763209,30.65137519049076,-69.34862480950925,-0.0037684504653229256,6218600
2023-03-15 00:00:00-04:00,28.306441482658368,28.613842027660198,28.001012249029134,28.326147079467773,1229100,COLD,-0.011412930065146576,-1.0,0.110797345391002,29.76858895915326,-1.8242330744663906,28.874685851459432,27.863076620078488,30.00108673878276,21.658946107791422,-78.34105389220858,-0.016421542395367972,4989500
2023-03-16 00:00:00-04:00,28.050274568924216,28.336000087082752,27.833518640107823,28.12909507751465,1553700,COLD,-0.006980850481066389,-1.0,0.1106275872721107,29.71802413650472,-2.1499956061612515,31.62158473855132,27.833518640107823,29.902560742821528,14.285665672010978,-85.71433432798902,-0.04610765727770316,3435800
2023-03-17 00:00:00-04:00,28.099539011701616,28.1438756659462,27.50838424818355,27.5674991607666,3205700,COLD,-0.020166940473766874,-1.0,0.1372850442027823,29.652435052533686,-0.18420996973532,29.210242032823842,27.50838424818355,29.764623436893693,2.6200640818071674,-97.37993591819283,-0.05886313122884268,230100
2023-03-20 00:00:00-04:00,27.616763397640778,27.90248704367114,27.38030186599279,27.8729305267334,2740400,COLD,0.011018473623007076,1.0,0.12371529582064944,29.598746495747324,0.8709585138503645,36.798242201862394,27.38030186599279,29.764623436893693,20.661166964759296,-79.33883303524071,-0.04425677078717749,2970500
2023-03-21 00:00:00-04:00,27.99116010214384,28.03549675638241,26.907376682379297,27.232511520385742,2125900,COLD,-0.023244449818349187,-1.0,0.14572325201002972,29.5281021751576,-0.5769214976178345,33.14291346438891,26.907376682379297,29.764623436893693,11.379305532248415,-88.62069446775158,-0.06904687308974433,844600
2023-03-22 00:00:00-04:00,27.055165142431875,27.084723538595096,26.25710723831692,26.36548614501953,1233400,COLD,-0.032355724170306355,-1.0,0.20300628704914103,29.434639513218073,-0.15909257881589842,27.106764415469385,26.25710723831692,29.764623436893693,3.0899046666295678,-96.91009533337042,-0.08167464617379272,-388800
2023-03-23 00:00:00-04:00,26.65120834083085,27.350741978129463,26.532978521069655,26.641357421875,1226700,COLD,0.010408986806457637,1.0,0.20599650004499415,29.352904342530696,2.9285851985497993,21.72534278130962,26.25710723831692,29.764623436893693,10.955050862316636,-89.04494913768336,-0.05652477961364499,837900
2023-03-24 00:00:00-04:00,26.53297996672418,27.20295524597168,26.503421570558835,27.20295524597168,1217800,COLD,0.0208608175004121,1.0,0.1560963636765177,29.290595454400645,0.052632675728204216,30.906136340459085,26.25710723831692,29.59713116790055,28.318599734483644,-71.68140026551634,-0.040653194996877584,2055700
2023-03-27 00:00:00-04:00,27.22265963443645,27.52513473703186,27.22265963443645,27.281776428222656,988900,COLD,0.002893333042699491,1.0,0.1061153308277849,29.23291739454385,3.0874734666414843,32.65061705983719,26.25710723831692,29.59713116790055,30.678498463137444,-69.32150153686256,-0.04779914474723068,3044600
2023-03-28 00:00:00-04:00,27.202954790037747,27.434488978816773,27.065017489473902,27.262069702148438,983100,COLD,-0.0007226012952812309,-1.0,0.06474964459039911,29.17684014341381,-15.74876395314611,31.449803663071748,26.25710723831692,29.306479827501782,32.95636838200076,-67.04363161799924,-0.037565199895845836,2061500
2023-03-29 00:00:00-04:00,27.5182381728004,27.66602639991977,27.340891548565455,27.58720588684082,1048900,COLD,0.011855762527262738,1.0,0.008797701841390504,29.1320062767779,0.7878764326285593,39.10105846808933,26.25710723831692,28.927155994844036,49.8155191088696,-50.18448089113039,-0.01926436627913397,3110400
2023-03-30 00:00:00-04:00,27.90498364515249,27.90498364515249,27.64678784315286,27.855329513549805,1864000,COLD,0.009672202580566712,1.0,-0.04974517409457435,29.0963059102082,0.7777817753572692,46.132178703895626,26.25710723831692,28.927155994844036,59.85741913236311,-40.142580867636894,0.010440930862268383,4974400
2023-03-31 00:00:00-04:00,28.024150623088204,28.282346432922044,27.88015837235,28.25255584716797,2470800,COLD,0.014159612961875671,1.0,-0.1149687362966314,29.072907206640835,0.4374907245181,49.0209876519362,26.25710723831692,28.927155994844036,74.73453823541757,-25.26546176458242,0.013619856730545887,7445200
2023-04-03 00:00:00-04:00,28.28234557477568,28.401513596510682,27.76098950467187,27.855329513549805,2003100,COLD,-0.0141596129618756,-1.0,-0.1299983460738755,29.03941369166054,-0.537497171116995,42.5823865872532,26.25710723831692,28.613842027660198,67.81510938183425,-32.184890618165745,0.02287038390483498,5442100
2023-04-04 00:00:00-04:00,27.90498526366325,27.93477585024129,27.62096891793476,27.82554054260254,1076400,COLD,-0.0010699895227673619,-1.0,-0.13593218346823877,29.006283824159365,-7.867415482753773,45.0350717118458,26.25710723831692,28.401513596510682,73.14067589347728,-26.859324106522713,0.05537748818861865,4365700
2023-04-05 00:00:00-04:00,27.7659541084613,27.97449767400381,27.696440217984282,27.80567741394043,1083100,COLD,-0.0007141001126995691,-1.0,-0.1361775325096748,28.973765936782215,-11.998822269879499,46.66357318956787,26.25710723831692,28.401513596510682,72.21439955661545,-27.785600443384546,0.043703478528816175,3282600
2023-04-06 00:00:00-04:00,27.86526107788086,27.94967215678533,27.65175304161317,27.86526107788086,1121200,COLD,0.0021405669926094022,1.0,-0.1376043182128891,28.94396538874639,5.000013350471573,53.45940839839392,26.25710723831692,28.401513596510682,74.99296173130594,-25.00703826869406,0.024346833861268014,4403800
2023-04-10 00:00:00-04:00,27.666649937662463,27.85036549224794,27.48293248896551,27.83547019958496,883400,COLD,-0.0010696764819146838,-1.0,-0.13367950849726545,28.914380352776448,-6.666897813055591,49.53729592252024,26.25710723831692,28.401513596510682,73.60372511660987,-26.396274883390134,0.020295370897824405,3520400
2023-04-11 00:00:00-04:00,27.89505382402105,28.044012435973894,27.706371905354644,27.765954971313477,1930000,COLD,-0.002500484988566842,-1.0,-0.12376636960890647,28.883945132976088,-2.999942359352372,57.785580452834964,26.25710723831692,28.401513596510682,70.36202477348846,-29.637975226511536,0.01848301595110846,1590400
2023-04-12 00:00:00-04:00,28.034081117634805,28.153249141574022,27.706371419441307,28.093666076660156,2455100,COLD,0.011733515516310411,1.0,-0.13568749315617595,28.863144792517435,1.1818115309142616,80.53460998602651,26.503421570558835,28.401513596510682,83.78121209923171,-16.218787900768294,0.018358517056666468,4045500
2023-04-13 00:00:00-04:00,28.272415732762408,28.33200069276009,27.696441044898744,28.20290184020996,1275400,COLD,0.003880730377829791,1.0,-0.14641713924416688,28.845882903299792,5.18187209860823,79.23037991465472,26.503421570558835,28.401513596510682,89.5362419953731,-10.463758004626898,0.012477767548615182,5320900
2023-04-14 00:00:00-04:00,28.15325017302323,28.4660645899767,27.96456825075319,28.13338851928711,1734300,COLD,-0.0024678002671988863,-1.0,-0.14409646130753445,28.82737589195548,-6.928667471115717,71.2749638040916,27.065017489473902,28.4660645899767,76.25518295778907,-23.744817042210933,-0.004217930884748755,3586600
2023-04-17 00:00:00-04:00,28.15324900722684,28.749085335856638,28.083735116140467,28.709362030029297,901500,COLD,0.02026619819189633,1.0,-0.1745827835101244,28.824329881206236,0.18965663329369653,76.45099745005098,27.065017489473902,28.749085335856638,97.64122889035238,-2.358771109647615,0.030659573280727548,4488100
2023-04-18 00:00:00-04:00,28.699430970763697,28.957626774212514,28.671625414554704,28.93776512145996,1049600,COLD,0.007924220959381414,1.0,-0.2014547127859793,28.827239666157016,0.20869773987282383,78.78514131038004,27.340891548565455,28.957626774212514,98.77149625755176,-1.2285037424482348,0.039971355710216594,5537700
2023-04-19 00:00:00-04:00,28.848389527584665,29.245615005493164,28.699430920424707,29.245615005493164,1180300,COLD,0.010582154428282937,1.0,-0.22926349232254614,28.837907153721922,0.4838676734531182,78.52112736550049,27.48293248896551,29.245615005493164,100.0,-0.0,0.05178574037656136,6718000
2023-04-20 00:00:00-04:00,29.0867262925273,29.280372676043513,28.92485741767977,29.255544662475586,1152600,COLD,0.00033946872623170584,1.0,-0.23666657850893483,28.8484934796435,18.80194741328502,76.36586850346816,27.48293248896551,29.280372676043513,98.61870154309345,-1.3812984569065485,0.04989307585200842,7870600
2023-04-21 00:00:00-04:00,29.414436796471318,29.61801401214601,28.987420711370365,29.523672103881836,1015100,COLD,0.009123268935239157,1.0,-0.24682985781617808,28.865510307496415,1.944441011448717,75.01282545333592,27.48293248896551,29.61801401214601,95.58134397961358,-4.41865602038642,0.06064930436569549,8885700
2023-04-24 00:00:00-04:00,29.513739866931555,29.553463172536834,29.0569332171396,29.195960998535156,710500,COLD,-0.011162008020047652,-1.0,-0.219602797561641,28.873792459939313,-0.5454532485609108,77.65902700493884,27.48293248896551,29.61801401214601,80.23246377111884,-19.76753622888116,0.05150213737287612,8175200
2023-04-25 00:00:00-04:00,29.047003632685843,29.27540696734754,28.811648908657148,28.878183364868164,706200,COLD,-0.010943968571266045,-1.0,-0.17050089608963448,28.87390191297123,-0.9281263362348073,69.57448867756862,27.48293248896551,29.61801401214601,65.3488337917999,-34.651166208200095,0.027925059195452295,7469000
2023-04-26 00:00:00-04:00,28.858320268485297,28.987419116656696,28.376687503231405,28.421375274658203,731900,COLD,-0.015944896583694714,-1.0,-0.10100106577377187,28.86268137033217,-0.38043682527233624,59.9479906995852,27.48293248896551,29.61801401214601,43.95348727924698,-56.04651272075303,0.007746487779380029,6737100
2023-04-27 00:00:00-04:00,28.44123556371507,28.893077752520195,28.44123556371507,28.788806915283203,1107700,COLD,0.012845150239566823,1.0,-0.07473035696858366,28.86085908268093,0.2837829563606115,63.4976470488247,27.48293248896551,29.61801401214601,61.16274306811539,-38.83725693188461,0.023296816718212376,7844800
2023-04-28 00:00:00-04:00,28.88811358842933,29.44422662028726,28.813633335846003,29.3846435546875,735300,COLD,0.020485546988452175,1.0,-0.09133792583133438,28.873714420144417,0.22500012472734376,69.31573565575877,27.696441044898744,29.61801401214601,87.85523831588752,-12.144761684112485,0.023521300262676403,8580100
2023-01-24 00:00:00-05:00,138.7172248492956,140.49135359773922,138.57338290015915,139.35015869140625,1658300,CCI,0.0036539904556703614,1.0,0.23149570439722433,140.3386111252973,2.528330942389278,61.13416949655071,133.28937398512272,145.77534759503843,48.54074576507491,-51.45925423492509,-0.012168696188871064,-5144600
2023-01-25 00:00:00-05:00,139.15836576032908,140.65438057619923,138.2569171833419,139.50360107421875,1669700,CCI,0.0011005223557199197,1.0,0.3319134771921246,140.27831838474512,13.374584266430437,53.92485285358531,134.38262187546619,145.77534759503843,44.949552238889865,-55.05044776111014,-0.04037204037560915,-3474900
2023-01-26 00:00:00-05:00,140.6639488230394,142.39012519198315,138.59255181326046,142.0544891357422,1608100,CCI,0.018120295224846605,1.0,0.2336633059714761,140.40015993835988,0.9436059160441432,63.676218310070915,134.76621282457637,145.77534759503843,66.20208093664682,-33.797919063353184,-0.02062810489083,-1866800
2023-01-27 00:00:00-05:00,141.88187722835565,141.88187722835565,138.73640650370157,140.07899475097656,1581400,CCI,-0.01400419860279966,-1.0,0.3043729399335693,140.37915759214798,-0.6796213938286012,50.742309446404434,136.6745973884697,145.77534759503843,37.407876111681944,-62.59212388831806,-0.031751268476053696,-3448200
2023-01-30 00:00:00-05:00,139.05287194128482,141.9010595234082,138.73640502849835,138.81312561035156,1767200,CCI,-0.00907790318459169,-1.0,0.4312962378688421,140.28123182167224,-2.3105928331047516,48.74498511946187,136.6745973884697,145.77534759503843,23.498372918073553,-76.50162708192644,-0.036990197203423114,-5215400
2023-01-31 00:00:00-05:00,138.9090221274718,142.03530883789062,138.54460304255005,142.03530883789062,3946300,CCI,0.022947071962191503,1.0,0.29939961373838164,140.38640201152606,0.11309694675558837,51.857286789680266,136.6745973884697,145.77534759503843,58.90406095919084,-41.095939040809164,0.019690027541763522,-1269100
2023-02-01 00:00:00-05:00,141.10510613052398,144.03001442263985,138.96657286213826,142.9943084716797,1801700,CCI,0.006729148090492198,1.0,0.15594261307957824,140.53670120631654,3.309948312289002,44.873057831598985,136.6745973884697,145.77534759503843,69.44164975156178,-30.558350248438217,0.026645663280621124,532600
2023-02-02 00:00:00-05:00,144.68212646642164,147.66457172512287,143.99165578940708,146.28363037109375,1624600,CCI,0.022742582362084613,1.0,-0.1363111022931287,140.85577635076066,0.629738315186685,52.34137486132238,136.6745973884697,147.66457172512287,87.43453522522361,-12.565464774776377,0.02984073034266088,2157200
2023-02-03 00:00:00-05:00,144.4519685222369,144.4519685222369,137.80619241141355,139.98309326171875,2617000,CCI,-0.044025758031928305,-1.0,0.10580578576579502,140.80900387596543,-0.3455103608652733,42.605517558803065,136.6745973884697,147.66457172512287,30.10467333135382,-69.89532666864619,0.008219345492207264,-459800
2023-02-06 00:00:00-05:00,137.9212733086452,140.20364837949808,136.6745894880877,139.7816925048828,1882000,CCI,-0.0014397865769689387,-1.0,0.280689862113058,140.7557537981126,-8.285170926800724,43.03287400116312,136.6745894880877,147.66457172512287,28.27213866028359,-71.72786133971641,0.0030967586799250935,-2341800
2023-02-07 00:00:00-05:00,139.22548471579915,139.70497738606923,136.50196986057435,139.12001037597656,1478400,CCI,-0.00474492169472293,-1.0,0.4330003352218861,140.67361311652422,-4.681300960617545,49.67554592441859,136.50196986057435,147.66457172512287,23.453676366590564,-76.54632363340944,-0.002749683128524416,-3820200
2023-02-08 00:00:00-05:00,138.39117030657613,138.5829644455355,136.54033564783367,137.5376739501953,1507500,CCI,-0.011439072686320386,-1.0,0.6209448555220849,140.520815308301,-0.7515041820097826,46.885899439169336,136.50196986057435,147.66457172512287,9.27833942470234,-90.72166057529766,-0.03179635654618962,-5327700
2023-02-09 00:00:00-05:00,138.54461453564744,139.18713296349952,135.0059562566928,135.21693420410156,1654800,CCI,-0.0170174631883498,-1.0,0.8670796598654775,140.26969688944763,-0.3677691032341926,37.67504954506856,135.0059562566928,147.66457172512287,1.6666747476051593,-98.33332525239484,-0.03470941917821768,-6982500
2023-02-10 00:00:00-05:00,134.34423843576397,136.17590375165636,133.6249995074982,135.6964111328125,1630100,CCI,0.0035397106683722314,1.0,0.9561046774455202,140.0590133639493,2.5000818085917227,43.65503513547613,133.6249995074982,147.66457172512287,14.754093594917014,-85.24590640508298,-0.0224525920285642,-5352400
2023-02-13 00:00:00-05:00,136.04164825457428,136.99104892066518,134.67989095448513,135.92657470703125,1605600,CCI,0.0016947286592474122,1.0,0.9557209257585073,139.87354645743568,9.541407349495845,43.037004780132634,133.6249995074982,147.66457172512287,16.393485241977405,-83.6065147580226,-0.04300856020126276,-3746800
2023-02-14 00:00:00-05:00,135.21692843326886,136.17591374130623,133.14551665599905,133.33731079101562,1512000,CCI,-0.019232759154343596,-1.0,1.0770686009459338,139.58742644312488,-0.44444269892146626,38.51154119969741,133.14551665599905,147.66457172512287,1.3209822133979494,-98.67901778660205,-0.06753414023171878,-5258800
2023-02-15 00:00:00-05:00,132.46464354481665,134.44015091219725,131.8317097379022,134.3826141357422,1831000,CCI,0.007808971684820901,1.0,1.0339494817388968,139.36496487000173,0.6605456558164323,35.110910810097266,131.8317097379022,147.66457172512287,16.11145476982571,-83.88854523017429,-0.08135576212567974,-3427800
2023-02-16 00:00:00-05:00,132.3112089296043,135.15939656863335,131.61115372651972,134.0277862548828,1649200,CCI,-0.002643922046535967,-1.0,0.9770026613762037,139.14200367172094,-5.162123992057586,37.38907507752569,131.61115372651972,147.66457172512287,15.05369466224185,-84.94630533775815,-0.04254304479257098,-5077000
2023-02-17 00:00:00-05:00,134.0277846892754,135.25528474320353,132.17695002293004,134.91004943847656,1659100,CCI,0.006561117340058799,1.0,0.8331991038841234,138.9690473073559,2.4891325082012368,41.736441418723174,131.61115372651972,147.66457172512287,20.549491156611573,-79.45050884338842,-0.034851796248182354,-3417900
2023-02-21 00:00:00-05:00,133.42362644859435,134.6127588285616,130.15348313777622,131.054931640625,1640900,CCI,-0.02899169509616218,-1.0,0.942923403915265,138.65233779942722,-0.5422871601954933,27.476518077055488,130.15348313777622,147.66457172512287,5.14787243724047,-94.85212756275952,-0.057972096994209577,-5058800
2023-02-22 00:00:00-05:00,131.4385419916364,131.81254572770902,127.98620318934061,128.71502685546875,1727700,CCI,-0.018015694239681652,-1.0,1.1069556564450682,138.2626178080804,-0.4713129393968492,22.299903005803955,127.98620318934061,147.66457172512287,3.7036793207875744,-96.29632067921243,-0.06414713031951802,-6786500
2023-02-23 00:00:00-05:00,129.67400459812475,130.81519954462405,127.9861955927128,128.7533721923828,1697400,CCI,0.0002978644162885845,1.0,1.1421308971333146,137.8968581692991,49.76802134888645,11.885327491602823,127.9861955927128,144.4519685222369,4.659220086136471,-95.34077991386353,-0.047801424058042996,-5089100
2023-02-24 00:00:00-05:00,127.96701069032919,127.96701069032919,124.86949202850809,125.78052520751953,2045600,CCI,-0.02336020627531992,-1.0,1.2842612268709,137.43944546922225,-0.3064514196829198,13.558604563163641,124.86949202850809,140.20364837949808,5.941201838291045,-94.05879816170895,-0.07307404700326103,-7134700
2023-02-27 00:00:00-05:00,127.56423183092674,128.2642870198639,125.25307368935127,126.25041198730469,1854000,CCI,0.003728806704900024,1.0,1.2633439104946689,137.0245674474057,3.6123456966945646,15.851680647425425,124.86949202850809,139.70497738606923,9.308222316385413,-90.69177768361459,-0.07118668840572229,-5280700
2023-02-28 00:00:00-05:00,125.98189531035906,126.75867106906543,125.00374083129786,125.3873291015625,1687200,CCI,-0.0068597521695665875,-1.0,1.2235156022543494,136.60047974061334,-1.3444410127228692,15.629951524419084,124.86949202850809,139.18713296349952,3.616776502537139,-96.38322349746285,-0.05962308405869543,-6967900
2023-03-01 00:00:00-05:00,124.73522777101377,125.24348882068963,122.95151448799601,123.6707534790039,2021800,CCI,-0.01378475885304093,-1.0,1.2256013894111994,136.13709168933084,-0.7150864922887283,15.391163131367492,122.95151448799601,139.18713296349952,4.430006729297653,-95.56999327070234,-0.0797116556009102,-8989700
2023-03-02 00:00:00-05:00,122.98028671588533,124.36121333004476,122.3281690678789,124.00639343261719,1971500,CCI,0.0027103038230130486,1.0,1.1200877819409953,135.70928378124634,3.000052689180668,18.91937672661335,122.3281690678789,136.99104892066518,11.445393957991028,-88.55460604200897,-0.07477100907425105,-7018200
2023-03-03 00:00:00-05:00,124.99413887182466,126.55728957313237,124.55301383399025,126.11614990234375,2064100,CCI,0.01687018273753675,1.0,0.8368912780976299,135.3761829498934,0.41818319852687696,26.004048835101287,122.3281690678789,136.99104892066518,25.8338121330582,-74.1661878669418,-0.06518342831193702,-4954100
2023-03-06 00:00:00-05:00,126.72990044432247,126.8353894117271,124.58178275601624,124.8023452758789,1603900,CCI,-0.010472058920441405,-1.0,0.6737484323762755,135.01449619315122,-0.24817349604304495,23.53892121306805,122.3281690678789,136.17591374130623,17.86699759671148,-82.13300240328853,-0.04770966102894736,-6558000
2023-03-07 00:00:00-05:00,124.66809811285847,124.86949147907966,120.63077058271939,121.33082580566406,2368200,CCI,-0.02821033571518292,-1.0,0.7305698228435777,134.55316950261263,-0.2596697489097084,22.29815183863583,120.63077058271939,135.25528474320353,4.786861397667754,-95.21313860233225,-0.0573686012441752,-8926200
2023-03-08 00:00:00-05:00,121.19655392749465,126.10656106842507,121.19655392749465,124.70643615722656,2650100,CCI,0.027441552165159293,1.0,0.4836489184698851,134.22581759324297,0.41477681526554583,30.32922231946567,120.63077058271939,135.25528474320353,27.86872459339358,-72.13127540660642,-0.03143168964234455,-6276100
2023-03-09 00:00:00-05:00,124.82152908291127,125.93395553322198,122.08841514831164,122.61585998535156,1901400,CCI,-0.01690608568286427,-1.0,0.40702915018078123,133.84504039641365,-0.7844111634927221,28.211013346107876,120.63077058271939,135.25528474320353,13.573711788634585,-86.42628821136542,-0.02516021631287302,-8177500
2023-03-10 00:00:00-05:00,122.53914416758879,123.26796774975675,120.6499418988439,121.67605590820312,2215900,CCI,-0.007694145015504925,-1.0,0.36680008113128615,133.45112414123085,-1.8673440924538542,24.860160809505132,120.63077058271939,134.6127588285616,7.475941955498115,-92.52405804450188,-0.03623240516285642,-10393400
2023-03-13 00:00:00-04:00,121.57055776676849,127.76560164677562,121.2636827772983,125.22429656982422,2447700,CCI,0.0287442681126585,1.0,0.06423632971677584,133.18817347499683,0.802702053789197,38.905182055947876,120.63077058271939,131.81254572770902,41.080471817241914,-58.919528182758086,-0.001300231314491307,-7945700
2023-03-14 00:00:00-04:00,127.13155888950014,127.90805635784555,124.45265817468865,127.29656219482422,2765000,CCI,0.016412997761533495,1.0,-0.2928459554234579,133.00216049743634,1.5878248609334646,47.27721602838875,120.63077058271939,130.81519954462405,65.4508135609619,-34.549186439038095,0.02931823906479125,-5180700
2023-03-15 00:00:00-04:00,126.27742342276726,129.63575382641395,125.86004992944336,128.79132080078125,2746700,CCI,0.011673926653449195,1.0,-0.6278579539032183,132.87078556146054,0.8441540419489393,50.06857545861581,120.63077058271939,129.63575382641395,90.62260303233786,-9.377396967662134,0.03858613443801273,-2434000
2023-03-16 00:00:00-04:00,128.3933738157822,130.140489531133,126.73362499404274,128.62632751464844,2261900,CCI,-0.001281911398126429,-1.0,-0.8241223381856813,132.7398791452916,-19.23660600146584,55.8023922944319,120.63077058271939,130.140489531133,84.07774167987213,-15.922258320127868,0.019903696824303596,-4695900
2023-03-17 00:00:00-04:00,128.4419030727058,129.74252785444548,125.77270312891007,126.4327163696289,3556700,CCI,-0.017201234654820395,-1.0,-0.7917939084971355,132.54751633454586,-0.8937947032727481,50.34978286226634,120.63077058271939,130.140489531133,61.010696723875135,-38.989303276124865,0.013063625448271887,-8252600
2023-03-20 00:00:00-04:00,126.19007056570888,128.21867391938636,125.889181284523,127.38394165039062,1885500,CCI,0.007495408233552089,1.0,-0.8167740965959256,132.3917286595883,1.1938513127744377,53.81782809176454,120.63077058271939,130.140489531133,71.01336121818599,-28.986638781814015,0.04988934843666071,-6367100
2023-03-21 00:00:00-04:00,127.41305535254232,127.52952479727938,123.84117267253566,125.68535614013672,1890000,CCI,-0.013424078170930585,-1.0,-0.7053983857094335,132.1915088440622,-1.1542856691654217,53.91181082125777,120.63077058271939,130.140489531133,53.151786975371365,-46.848213024628635,0.007849795191612774,-8257100
2023-03-22 00:00:00-04:00,124.55943258800278,126.32594997092181,122.2978904554993,122.37554168701172,2074200,CCI,-0.02668708302989437,-1.0,-0.4099633251781176,131.90142417641167,-0.5571818724431092,47.12847721014659,120.63077058271939,130.140489531133,18.347241530028448,-81.65275846997156,-0.0019599283352785823,-10331300
2023-03-23 00:00:00-04:00,122.55025209072657,123.80235041735712,119.98782071699905,120.11399841308594,3191200,CCI,-0.018653248686553166,-1.0,-0.08061445252667943,131.55650833002576,-0.6094404819081349,39.50443865304631,119.98782071699905,130.140489531133,1.2428032313161559,-98.75719676868384,-0.012837838007304092,-13522500
2023-03-24 00:00:00-04:00,119.83251831892917,125.72417031163845,119.1433803072054,125.65623474121094,2784000,CCI,0.04510860405884843,1.0,-0.24510931809256098,131.38550917122217,0.1366007397247538,51.27720937934501,119.1433803072054,130.140489531133,59.2233313445211,-40.7766686554789,0.0034493160130939504,-10738500
2023-03-27 00:00:00-04:00,126.11241336320653,126.78214227891104,123.47233812678022,123.72470092773438,1745300,CCI,-0.015490939063632449,-1.0,-0.23299557469845356,131.16554881109954,-0.47738833781998347,53.84280907604866,119.1433803072054,130.140489531133,41.659317255492,-58.34068274450801,-0.02805936944018328,-12483800
2023-03-28 00:00:00-04:00,122.8414349008023,124.24882830440433,122.49201176241864,123.74411010742188,1258800,CCI,0.0001568616234595858,1.0,-0.23479557915157212,130.95438389788063,44.00708062464881,48.293167007973246,119.1433803072054,130.140489531133,41.835810725660224,-58.164189274339776,-0.03918905918486981,-11225000
2023-03-29 00:00:00-04:00,124.81178830929457,127.15098167943378,124.81178830929457,127.12186431884766,1838000,CCI,0.026930382714840984,1.0,-0.4590086795934831,130.8462919446685,0.008620331369178207,57.61532686723583,119.1433803072054,130.140489531133,72.5507390095081,-27.449260990491897,-0.011696386151034632,-9387000
2023-03-30 00:00:00-04:00,129.04368998151554,129.19899245194125,127.58776264480693,128.6360321044922,1299500,CCI,0.011840772056662197,1.0,-0.6908964728793325,130.78448531609868,0.7948735546494585,61.53553095419077,119.1433803072054,130.140489531133,86.3195191026438,-13.680480897356206,0.01742678476053494,-8087500
2023-03-31 00:00:00-04:00,128.81074328218955,130.02401598927256,127.98571191718997,129.90753173828125,2379800,CCI,0.009835943048761887,1.0,-0.8983774663057731,130.7601658194746,0.7404765136936521,58.26226220237277,119.1433803072054,130.140489531133,97.88164518412823,-2.1183548158717755,0.019810896532128863,-5707700
2023-04-03 00:00:00-04:00,128.68456719951453,129.2184101901343,127.51982828118157,128.33514404296875,1863100,CCI,-0.012177748098974064,-1.0,-0.8961464244244202,130.6934575480765,-0.8580318686218256,51.864040322375914,119.1433803072054,130.140489531133,83.58345405685192,-16.416545943148087,0.02108270990518224,-7570800
2023-04-04 00:00:00-04:00,128.60690962103783,129.87841707478762,127.87894598167347,129.76194763183594,1539800,CCI,0.011056444801780328,1.0,-0.9519477786370354,130.6680341336736,0.5918355468859473,51.727282287488585,119.1433803072054,130.140489531133,96.5578054051384,-3.442194594861599,0.06035851480613452,-6031000
2023-04-05 00:00:00-04:00,130.0628333010402,132.28554236846404,129.49987299158676,129.7910614013672,2007300,CCI,0.00022433775483309324,1.0,-0.9498305346933315,130.6442817196441,86.34737162791345,52.08394071740682,119.1433803072054,132.28554236846404,81.01924968304682,-18.98075031695318,0.08056565526193471,-4023700
2023-04-06 00:00:00-04:00,130.71314403862775,131.30522170053212,129.42222012626388,130.47048950195312,1149600,CCI,0.005221129603448781,1.0,-0.9508587103565658,130.63960956751959,2.4143055551852823,57.69366817376136,119.1433803072054,132.28554236846404,86.18908473316237,-13.810915266837625,0.03831290003760768,-2874100
2023-04-10 00:00:00-04:00,129.4513342073965,130.40255063060033,128.1798268370964,130.08224487304688,1312200,CCI,-0.002980163821216994,-1.0,-0.8835008967674263,130.62473385610866,-4.10002614160551,55.24587123191206,119.1433803072054,132.28554236846404,83.23489327595348,-16.765106724046515,0.05138459739761947,-4186300
2023-04-11 00:00:00-04:00,130.2957898242471,131.49934688883965,129.13103615979765,130.55784606933594,1574400,CCI,0.0036494901642971735,1.0,-0.8299260230685576,130.62296121634884,4.428614773023025,60.008460841123345,119.1433803072054,132.28554236846404,86.85378942159662,-13.146210578403384,0.055063113355448445,-2611900
2023-04-12 00:00:00-04:00,131.87789637229153,132.07203186989943,129.22811270708513,129.8201904296875,1924100,CCI,-0.005666050969956362,-1.0,-0.7084797263168571,130.60183209045417,-1.0658268953043946,67.47294975089528,119.1433803072054,132.28554236846404,81.24089531627318,-18.75910468372681,0.02122629435383261,-4536000
2023-04-13 00:00:00-04:00,129.7328320554185,130.54814778821031,128.96603538421843,129.99488830566406,1469500,CCI,0.001344786477787225,1.0,-0.6074688533758753,130.58596369483135,7.556223258967502,76.05879016344639,119.1433803072054,132.28554236846404,82.57018858751924,-17.42981141248076,0.01056357366548788,-3066500
2023-04-14 00:00:00-04:00,130.12107160965988,130.27637407388707,124.51089968096119,125.47181701660156,1895500,CCI,-0.03541396120840218,-1.0,-0.223376467388992,130.4531239522113,-0.246783596483823,49.48280683774537,122.49201176241864,132.28554236846404,30.42626172366821,-69.57373827633178,-0.034145169739781656,-4962000
2023-04-17 00:00:00-04:00,125.81151516449728,128.7524868643131,125.27768705030225,128.29629516601562,1800000,CCI,0.022261227119632992,1.0,-0.1503831505759795,130.39745486758167,0.3505142401961577,62.19535565093266,122.49201176241864,132.28554236846404,59.26650599339619,-40.73349400660381,-0.0003027142505884761,-3162000
2023-04-18 00:00:00-04:00,127.82071130065218,128.54867494024694,126.73362367153727,128.5098419189453,1642100,CCI,0.0016630973431890027,1.0,-0.10924083788234185,130.349034749296,5.27247843842071,62.574302863416136,124.51089968096119,132.28554236846404,51.435704491116006,-48.564295508883994,-0.00964925184726062,-1519900
2023-04-19 00:00:00-04:00,127.64598359827271,130.1501801245162,127.30627614262993,129.6260528564453,1885000,CCI,0.008648296630962692,1.0,-0.14757580303455803,130.33060058354457,0.7738991750505632,57.39016938708712,124.51089968096119,132.28554236846404,65.79277506484443,-34.207224935155566,-0.0012713398221746441,365100
2023-04-20 00:00:00-04:00,127.56834367350528,127.56834367350528,122.4823137540367,123.20056915283203,3631300,CCI,-0.050840118006462175,-1.0,0.24791368433767338,130.14986768725402,-0.11178230806054874,37.37496098722446,122.4823137540367,132.28554236846404,7.326722930222032,-92.67327706977797,-0.05572080228159382,-3266200
2023-04-21 00:00:00-04:00,123.28791291465895,123.66646080216198,120.8904923286646,122.26876831054688,3102200,CCI,-0.007592030251732098,-1.0,0.5434246701330026,129.95123682636677,-1.8854070415700106,32.04288731447615,120.8904923286646,132.28554236846404,12.095392096290682,-87.90460790370932,-0.06006566514996359,-6368400
2023-04-24 00:00:00-04:00,123.54999028604936,124.50119937049107,120.33724644702234,120.82255554199219,2328100,CCI,-0.011898654450113634,-1.0,0.7923698864889582,129.72244284272531,-0.9932965678675164,32.09597396746757,120.33724644702234,132.28554236846404,4.0617431821297885,-95.93825681787021,-0.07456687453447708,-8696500
2023-04-25 00:00:00-04:00,120.7837295500725,121.72523037622213,118.41541880431292,118.63866424560547,2024200,CCI,-0.018240547254965333,-1.0,1.04434941012877,129.4461551088291,-0.5333352760594235,24.488392300642346,118.41541880431292,132.28554236846404,1.6095418347212893,-98.39045816527872,-0.08613087183952417,-10720700
2023-04-26 00:00:00-04:00,118.41541970878244,119.38603790311673,116.29947174892455,116.61006927490234,1976500,CCI,-0.017246811273458416,-1.0,1.2727306635237452,129.12788025775032,-0.6315778846025691,22.208353509739254,116.29947174892455,132.07203186989943,1.9692270854923204,-98.03077291450768,-0.10296419501734,-12697200
2023-04-27 00:00:00-04:00,116.69742660512881,119.79369355224281,116.69742660512881,119.35691833496094,2133100,CCI,0.023282690277393648,1.0,1.1666903632542809,128.88685643915426,0.15900954429311084,28.875901445523738,116.29947174892455,132.07203186989943,19.38459300573846,-80.61540699426153,-0.04873523654185663,-10564100
2023-04-28 00:00:00-04:00,119.14338204394144,120.15282584357259,118.07570352296415,119.473388671875,2241400,CCI,0.0009753397515315168,1.0,1.0218054214652212,128.65581998939763,15.000520638692658,29.620548667256287,116.29947174892455,132.07203186989943,20.123029480354752,-79.87697051964524,-0.06876976831422743,-8322700
